<manifest version="1.0" type="device">
	<hal format="aidl" override="true">
        <name>vendor.sprd.hardware.ifaa</name>
    </hal>
    <hal format="aidl" override="true">
        <name>vendor.sprd.hardware.soter</name>
    </hal>
    <hal format="aidl" override="true">
        <name>vendor.sprd.hardware.tui</name>
    </hal>
    <hal override="true" format="hidl">
        <name>android.hardware.secure_element</name>
        <transport>hwbinder</transport>
        <version>1.0</version>
        <interface>
            <name>ISecureElement</name>
            <instance>SIM1</instance>
        </interface>
    </hal>
	<hal format="hidl">
			<name>android.hardware.nfc</name>
			<transport>hwbinder</transport>
			<version>1.2</version>
			<interface>
				<name>INfc</name>
				<instance>default</instance>
			</interface>
	</hal>
</manifest>
