<!--
    Input:
        vendor/sprd/interfaces/compatibility_matrices/compatibility_matrix.7.xml
-->
<compatibility-matrix version="7.0" type="framework" level="7">
    <hal format="hidl" optional="true">
        <name>android.hardware.radio</name>
        <version>1.2</version>
        <interface>
            <name>ISap</name>
            <instance>slot2</instance>
        </interface>
    </hal>
    <hal format="aidl" optional="true">
        <name>com.fingerprints.fpc.extension</name>
        <version>2</version>
        <interface>
            <name>IFpcExtension</name>
            <instance>default</instance>
        </interface>
    </hal>
    <hal format="hidl" optional="true">
        <name>vendor.goodix.hardware.biometrics.fingerprint</name>
        <version>2.1</version>
        <interface>
            <name>IGoodixFingerprintDaemon</name>
            <instance>default</instance>
        </interface>
    </hal>
    <hal format="hidl" optional="true">
        <name>vendor.sprd.hardware.ai_engine</name>
        <version>1.0</version>
        <interface>
            <name>IAIEngineControl</name>
            <instance>default</instance>
        </interface>
    </hal>
    <hal format="aidl" optional="true">
        <name>vendor.sprd.hardware.aprd</name>
        <interface>
            <name>IAprdInfoSync</name>
            <instance>default</instance>
        </interface>
    </hal>
    <hal format="hidl" optional="true">
        <name>vendor.sprd.hardware.boot</name>
        <version>1.2</version>
        <interface>
            <name>IBootControl</name>
            <instance>default</instance>
        </interface>
    </hal>
    <hal format="hidl" optional="true">
        <name>vendor.sprd.hardware.connmgr</name>
        <version>1.0</version>
        <interface>
            <name>IConnmgr</name>
            <instance>default</instance>
        </interface>
    </hal>
    <hal format="aidl" optional="true">
        <name>vendor.sprd.hardware.cplog_svc</name>
        <interface>
            <name>ILogTransportInductor</name>
            <instance>default</instance>
        </interface>
        <interface>
            <name>ISysLogControl</name>
            <instance>default</instance>
        </interface>
    </hal>
    <hal format="aidl" optional="true">
        <name>vendor.sprd.hardware.enhance</name>
        <interface>
            <name>IEnhance</name>
            <instance>default</instance>
        </interface>
    </hal>
    <hal format="hidl" optional="true">
        <name>vendor.sprd.hardware.face</name>
        <version>1.0</version>
        <interface>
            <name>IExtBiometricsFace</name>
            <instance>default</instance>
        </interface>
    </hal>
    <hal format="aidl" optional="true">
        <name>vendor.sprd.hardware.fingerprintmmi</name>
        <interface>
            <name>IFingerprintmmi</name>
            <instance>default</instance>
        </interface>
    </hal>
    <hal format="aidl" optional="true">
        <name>vendor.sprd.hardware.gnss</name>
        <interface>
            <name>IUnisocGnss</name>
            <instance>default</instance>
        </interface>
    </hal>
    <hal format="aidl" optional="true">
        <name>vendor.sprd.hardware.hdcp</name>
        <interface>
            <name>IHDCP</name>
            <instance>default</instance>
        </interface>
    </hal>
    <hal format="hidl" optional="true">
        <name>vendor.sprd.hardware.hdcp</name>
        <version>1.0</version>
        <interface>
            <name>IHDCP</name>
            <instance>default</instance>
        </interface>
    </hal>
    <hal format="aidl" optional="true">
        <name>vendor.sprd.hardware.ifaa</name>
        <interface>
            <name>IIfaa</name>
            <instance>default</instance>
        </interface>
    </hal>
    <hal format="hidl" optional="true">
        <name>vendor.sprd.hardware.ifaa</name>
        <version>1.0</version>
        <interface>
            <name>IIfaa</name>
            <instance>default</instance>
        </interface>
    </hal>
    <hal format="aidl" optional="true">
        <name>vendor.sprd.hardware.log</name>
        <interface>
            <name>ILogControl</name>
            <instance>default</instance>
        </interface>
    </hal>
    <hal format="aidl" optional="true">
        <name>vendor.sprd.hardware.network</name>
        <interface>
            <name>INetworkControl</name>
            <instance>default</instance>
        </interface>
    </hal>
    <hal format="hidl" optional="true">
        <name>vendor.sprd.hardware.network</name>
        <version>1.0</version>
        <interface>
            <name>INetworkControl</name>
            <instance>default</instance>
        </interface>
    </hal>
    <hal format="hidl" optional="true">
        <name>vendor.sprd.hardware.power</name>
        <version>4.0</version>
        <interface>
            <name>IPower</name>
            <instance>default</instance>
        </interface>
    </hal>
    <hal format="hidl" optional="true">
        <name>vendor.sprd.hardware.production</name>
        <version>1.0</version>
        <interface>
            <name>IProduction</name>
            <instance>default</instance>
        </interface>
    </hal>
    <hal format="hidl" optional="true">
        <name>vendor.sprd.hardware.radio</name>
        <version>1.1</version>
        <interface>
            <name>IExtRadio</name>
            <instance>slot1</instance>
            <instance>slot2</instance>
        </interface>
    </hal>
    <hal format="hidl" optional="true">
        <name>vendor.sprd.hardware.radio.ims</name>
        <version>1.1</version>
        <interface>
            <name>IImsRadio</name>
            <instance>slot1</instance>
            <instance>slot2</instance>
        </interface>
    </hal>
    <hal format="hidl" optional="true">
        <name>vendor.sprd.hardware.radio.lite</name>
        <version>1.0</version>
        <interface>
            <name>ILiteRadio</name>
            <instance>liteservice1</instance>
            <instance>liteservice2</instance>
        </interface>
    </hal>
    <hal format="aidl" optional="true">
        <name>vendor.sprd.hardware.soter</name>
        <interface>
            <name>ISoter</name>
            <instance>default</instance>
        </interface>
    </hal>
    <hal format="hidl" optional="true">
        <name>vendor.sprd.hardware.soter</name>
        <version>1.0</version>
        <interface>
            <name>ISoter</name>
            <instance>default</instance>
        </interface>
    </hal>
    <hal format="hidl" optional="true">
        <name>vendor.sprd.hardware.thermal</name>
        <version>1.0</version>
        <version>2.0</version>
        <interface>
            <name>IExtThermal</name>
            <instance>default</instance>
        </interface>
    </hal>
    <hal format="aidl" optional="true">
        <name>vendor.sprd.hardware.tool</name>
        <interface>
            <name>IToolControl</name>
            <instance>default</instance>
        </interface>
    </hal>
    <hal format="aidl" optional="true">
        <name>vendor.sprd.hardware.trusty</name>
        <interface>
            <name>ITrustyClientProvider</name>
            <instance>default</instance>
        </interface>
    </hal>
    <hal format="aidl" optional="true">
        <name>vendor.sprd.hardware.tui</name>
        <interface>
            <name>ITui</name>
            <instance>default</instance>
        </interface>
    </hal>
    <hal format="hidl" optional="true">
        <name>vendor.sprd.hardware.tui</name>
        <version>1.0</version>
        <interface>
            <name>ITui</name>
            <instance>default</instance>
        </interface>
    </hal>
    <hal format="aidl" optional="true">
        <name>vendor.sprd.hardware.unipnp</name>
        <interface>
            <name>IUnionPnP</name>
            <instance>default</instance>
        </interface>
    </hal>
    <hal format="hidl" optional="true">
        <name>vendor.sprd.hardware.vdsp</name>
        <version>1.0</version>
        <interface>
            <name>IVdspService</name>
            <instance>default</instance>
        </interface>
    </hal>
    <hal format="hidl" optional="true">
        <name>vendor.sprd.hardware.wcn</name>
        <version>1.0</version>
        <interface>
            <name>IWcnVendorInterface</name>
            <instance>default</instance>
        </interface>
    </hal>
    <hal format="hidl" optional="true">
        <name>vendor.sprd.hardware.wifi.hostapd</name>
        <version>1.1</version>
        <interface>
            <name>IHostapd</name>
            <instance>default</instance>
        </interface>
    </hal>
    <hal format="aidl" optional="true">
        <name>vendor.unisoc.hardware.ai_engine</name>
        <version>2</version>
        <interface>
            <name>IAIEngineControl</name>
            <instance>default</instance>
        </interface>
    </hal>
    <hal format="aidl" optional="true">
        <name>vendor.unisoc.hardware.gallery</name>
        <interface>
            <name>IPortrait</name>
            <instance>default</instance>
        </interface>
    </hal>
    <hal format="aidl" optional="true">
        <name>vendor.unisoc.hardware.power</name>
        <interface>
            <name>IVendorPower</name>
            <instance>default</instance>
        </interface>
    </hal>
    <hal format="aidl" optional="true">
        <name>vendor.unisoc.hardware.radio</name>
        <interface>
            <name>IExtRadio</name>
            <instance>slot1</instance>
            <instance>slot2</instance>
        </interface>
    </hal>
    <hal format="aidl" optional="true">
        <name>vendor.unisoc.hardware.radio.data</name>
        <interface>
            <name>IExtRadioData</name>
            <instance>slot1</instance>
            <instance>slot2</instance>
        </interface>
    </hal>
    <hal format="aidl" optional="true">
        <name>vendor.unisoc.hardware.radio.ims</name>
        <interface>
            <name>IImsRadio</name>
            <instance>slot1</instance>
            <instance>slot2</instance>
        </interface>
    </hal>
    <hal format="aidl" optional="true">
        <name>vendor.unisoc.hardware.radio.lite</name>
        <interface>
            <name>ILiteRadio</name>
            <instance>liteservice1</instance>
            <instance>liteservice2</instance>
        </interface>
    </hal>
    <hal format="aidl" optional="true">
        <name>vendor.unisoc.hardware.radio.messaging</name>
        <interface>
            <name>IExtRadioMessaging</name>
            <instance>slot1</instance>
            <instance>slot2</instance>
        </interface>
    </hal>
    <hal format="aidl" optional="true">
        <name>vendor.unisoc.hardware.radio.modem</name>
        <interface>
            <name>IExtRadioModem</name>
            <instance>slot1</instance>
            <instance>slot2</instance>
        </interface>
    </hal>
    <hal format="aidl" optional="true">
        <name>vendor.unisoc.hardware.radio.network</name>
        <interface>
            <name>IExtRadioNetwork</name>
            <instance>slot1</instance>
            <instance>slot2</instance>
        </interface>
    </hal>
    <hal format="aidl" optional="true">
        <name>vendor.unisoc.hardware.radio.sim</name>
        <interface>
            <name>IExtRadioSim</name>
            <instance>slot1</instance>
            <instance>slot2</instance>
        </interface>
    </hal>
    <hal format="aidl" optional="true">
        <name>vendor.unisoc.hardware.radio.voice</name>
        <interface>
            <name>IExtRadioVoice</name>
            <instance>slot1</instance>
            <instance>slot2</instance>
        </interface>
    </hal>
</compatibility-matrix>
